place,date,mm
Salzburg,2026-08-31,5.2
Salzburg,2026-09-01,0.0
Salzburg,2026-09-02,0.0
Salzburg,2026-09-03,0.1
Salzburg,2026-09-04,0.0
Salzburg,2026-09-05,2.4
Salzburg,2026-09-06,0.0
Salzburg,2026-09-07,0.0
Salzburg,2026-09-08,0.0
Salzburg,2026-09-09,7.6
Salzburg,2026-09-10,9.8
Salzburg,2026-09-11,1.2
Salzburg,2026-09-12,0.0
Salzburg,2026-09-13,10.3
Salzburg,2026-09-14,0.6
Salzburg,2026-09-15,0.0
Salzburg,2026-09-16,23.6
Salzburg,2026-09-17,7.2
Salzburg,2026-09-18,0.0
Salzburg,2026-09-19,0.0
Salzburg,2026-09-20,0.8
Salzburg,2026-09-21,1.4
Salzburg,2026-09-22,0.0
Salzburg,2026-09-23,0.0
Salzburg,2026-09-24,4.0
Salzburg,2026-09-25,0.0
Salzburg,2026-09-26,0.0
Salzburg,2026-09-27,0.0
Salzburg,2026-09-28,0.0
Salzburg,2026-09-29,0.0
Kufstein,2026-08-31,2.3
Kufstein,2026-09-01,0.0
Kufstein,2026-09-02,0.0
Kufstein,2026-09-03,0.0
Kufstein,2026-09-04,0.0
Kufstein,2026-09-05,0.8
Kufstein,2026-09-06,0.0
Kufstein,2026-09-07,3.4
Kufstein,2026-09-08,0.9
Kufstein,2026-09-09,9.6
Kufstein,2026-09-10,3.3
Kufstein,2026-09-11,0.9
Kufstein,2026-09-12,0.0
Kufstein,2026-09-13,4.9
Kufstein,2026-09-14,0.5
Kufstein,2026-09-15,0.0
Kufstein,2026-09-16,14.3
Kufstein,2026-09-17,1.8
Kufstein,2026-09-18,0.0
Kufstein,2026-09-19,0.0
Kufstein,2026-09-20,0.0
Kufstein,2026-09-21,0.2
Kufstein,2026-09-22,0.0
Kufstein,2026-09-23,0.0
Kufstein,2026-09-24,5.7
Kufstein,2026-09-25,0.0
Kufstein,2026-09-26,0.0
Kufstein,2026-09-27,0.0
Kufstein,2026-09-28,0.0
Kufstein,2026-09-29,0.0
Gmunden,2026-08-31,1.8
Gmunden,2026-09-01,0.0
Gmunden,2026-09-02,0.0
Gmunden,2026-09-03,0.3
Gmunden,2026-09-04,0.0
Gmunden,2026-09-05,7.7
Gmunden,2026-09-06,0.0
Gmunden,2026-09-07,0.0
Gmunden,2026-09-08,0.0
Gmunden,2026-09-09,10.1
Gmunden,2026-09-10,17.3
Gmunden,2026-09-11,1.3
Gmunden,2026-09-12,0.0
Gmunden,2026-09-13,8.3
Gmunden,2026-09-14,0.9
Gmunden,2026-09-15,0.0
Gmunden,2026-09-16,36.4
Gmunden,2026-09-17,8.1
Gmunden,2026-09-18,0.0
Gmunden,2026-09-19,0.0
Gmunden,2026-09-20,1.4
Gmunden,2026-09-21,5.9
Gmunden,2026-09-22,0.0
Gmunden,2026-09-23,0.0
Gmunden,2026-09-24,4.1
Gmunden,2026-09-25,0.0
Gmunden,2026-09-26,0.0
Gmunden,2026-09-27,0.0
Gmunden,2026-09-28,0.0
Gmunden,2026-09-29,0.0
Zell am See,2026-08-31,14.1
Zell am See,2026-09-01,0.0
Zell am See,2026-09-02,0.0
Zell am See,2026-09-03,0.0
Zell am See,2026-09-04,0.0
Zell am See,2026-09-05,0.7
Zell am See,2026-09-06,0.0
Zell am See,2026-09-07,2.5
Zell am See,2026-09-08,0.0
Zell am See,2026-09-09,16.4
Zell am See,2026-09-10,18.1
Zell am See,2026-09-11,2.6
Zell am See,2026-09-12,0.0
Zell am See,2026-09-13,14.8
Zell am See,2026-09-14,3.7
Zell am See,2026-09-15,0.0
Zell am See,2026-09-16,11.7
Zell am See,2026-09-17,7.0
Zell am See,2026-09-18,0.3
Zell am See,2026-09-19,0.0
Zell am See,2026-09-20,0.0
Zell am See,2026-09-21,0.0
Zell am See,2026-09-22,0.0
Zell am See,2026-09-23,0.0
Zell am See,2026-09-24,7.8
Zell am See,2026-09-25,0.0
Zell am See,2026-09-26,0.0
Zell am See,2026-09-27,0.0
Zell am See,2026-09-28,0.0
Zell am See,2026-09-29,0.0
Innsbruck,2026-08-31,8.0
Innsbruck,2026-09-01,0.0
Innsbruck,2026-09-02,0.0
Innsbruck,2026-09-03,0.0
Innsbruck,2026-09-04,0.0
Innsbruck,2026-09-05,0.2
Innsbruck,2026-09-06,0.0
Innsbruck,2026-09-07,0.0
Innsbruck,2026-09-08,2.0
Innsbruck,2026-09-09,28.3
Innsbruck,2026-09-10,4.8
Innsbruck,2026-09-11,0.0
Innsbruck,2026-09-12,0.0
Innsbruck,2026-09-13,26.1
Innsbruck,2026-09-14,7.9
Innsbruck,2026-09-15,0.0
Innsbruck,2026-09-16,31.7
Innsbruck,2026-09-17,2.3
Innsbruck,2026-09-18,0.0
Innsbruck,2026-09-19,0.0
Innsbruck,2026-09-20,0.0
Innsbruck,2026-09-21,0.0
Innsbruck,2026-09-22,0.0
Innsbruck,2026-09-23,0.0
Innsbruck,2026-09-24,6.6
Innsbruck,2026-09-25,0.0
Innsbruck,2026-09-26,0.0
Innsbruck,2026-09-27,0.0
Innsbruck,2026-09-28,0.0
Innsbruck,2026-09-29,0.0
Bregenz,2026-08-31,0.7
Bregenz,2026-09-01,0.0
Bregenz,2026-09-02,0.0
Bregenz,2026-09-03,0.0
Bregenz,2026-09-04,0.0
Bregenz,2026-09-05,1.7
Bregenz,2026-09-06,0.0
Bregenz,2026-09-07,0.3
Bregenz,2026-09-08,2.6
Bregenz,2026-09-09,17.7
Bregenz,2026-09-10,0.0
Bregenz,2026-09-11,0.0
Bregenz,2026-09-12,0.0
Bregenz,2026-09-13,8.9
Bregenz,2026-09-14,0.2
Bregenz,2026-09-15,0.0
Bregenz,2026-09-16,9.5
Bregenz,2026-09-17,0.2
Bregenz,2026-09-18,0.0
Bregenz,2026-09-19,0.0
Bregenz,2026-09-20,0.0
Bregenz,2026-09-21,0.0
Bregenz,2026-09-22,0.0
Bregenz,2026-09-23,0.0
Bregenz,2026-09-24,0.2
Bregenz,2026-09-25,0.0
Bregenz,2026-09-26,0.0
Bregenz,2026-09-27,0.0
Bregenz,2026-09-28,0.0
Bregenz,2026-09-29,0.0
Bozen,2026-08-31,0.0
Bozen,2026-09-01,0.1
Bozen,2026-09-02,0.0
Bozen,2026-09-03,0.0
Bozen,2026-09-04,0.0
Bozen,2026-09-05,0.0
Bozen,2026-09-06,0.0
Bozen,2026-09-07,0.8
Bozen,2026-09-08,0.0
Bozen,2026-09-09,4.8
Bozen,2026-09-10,4.0
Bozen,2026-09-11,0.0
Bozen,2026-09-12,0.0
Bozen,2026-09-13,0.1
Bozen,2026-09-14,0.0
Bozen,2026-09-15,0.0
Bozen,2026-09-16,0.9
Bozen,2026-09-17,1.6
Bozen,2026-09-18,0.1
Bozen,2026-09-19,0.0
Bozen,2026-09-20,0.0
Bozen,2026-09-21,0.0
Bozen,2026-09-22,0.0
Bozen,2026-09-23,0.0
Bozen,2026-09-24,0.0
Bozen,2026-09-25,0.0
Bozen,2026-09-26,0.0
Bozen,2026-09-27,0.0
Bozen,2026-09-28,0.0
Bozen,2026-09-29,0.0
Brixen,2026-08-31,95.5
Brixen,2026-09-01,19.6
Brixen,2026-09-02,0.0
Brixen,2026-09-03,0.0
Brixen,2026-09-04,0.0
Brixen,2026-09-05,0.0
Brixen,2026-09-06,0.0
Brixen,2026-09-07,1.1
Brixen,2026-09-08,0.0
Brixen,2026-09-09,11.7
Brixen,2026-09-10,3.0
Brixen,2026-09-11,0.0
Brixen,2026-09-12,0.0
Brixen,2026-09-13,0.0
Brixen,2026-09-14,0.0
Brixen,2026-09-15,0.0
Brixen,2026-09-16,0.0
Brixen,2026-09-17,0.0
Brixen,2026-09-18,1.7
Brixen,2026-09-19,0.0
Brixen,2026-09-20,0.0
Brixen,2026-09-21,0.0
Brixen,2026-09-22,0.0
Brixen,2026-09-23,0.0
Brixen,2026-09-24,0.0
Brixen,2026-09-25,0.0
Brixen,2026-09-26,0.0
Brixen,2026-09-27,0.0
Brixen,2026-09-28,0.0
Brixen,2026-09-29,0.0
Chur,2026-08-31,0.0
Chur,2026-09-01,0.0
Chur,2026-09-02,0.0
Chur,2026-09-03,0.0
Chur,2026-09-04,0.0
Chur,2026-09-05,0.0
Chur,2026-09-06,0.0
Chur,2026-09-07,0.0
Chur,2026-09-08,0.4
Chur,2026-09-09,0.8
Chur,2026-09-10,0.0
Chur,2026-09-11,0.0
Chur,2026-09-12,0.0
Chur,2026-09-13,0.1
Chur,2026-09-14,0.0
Chur,2026-09-15,0.0
Chur,2026-09-16,0.9
Chur,2026-09-17,0.0
Chur,2026-09-18,0.0
Chur,2026-09-19,0.0
Chur,2026-09-20,0.0
Chur,2026-09-21,0.0
Chur,2026-09-22,0.0
Chur,2026-09-23,0.0
Chur,2026-09-24,0.0
Chur,2026-09-25,0.0
Chur,2026-09-26,0.0
Chur,2026-09-27,0.0
Chur,2026-09-28,0.0
Chur,2026-09-29,0.0
Luzern,2026-08-31,0.0
Luzern,2026-09-01,0.0
Luzern,2026-09-02,0.0
Luzern,2026-09-03,0.0
Luzern,2026-09-04,0.0
Luzern,2026-09-05,0.6
Luzern,2026-09-06,0.0
Luzern,2026-09-07,0.0
Luzern,2026-09-08,0.0
Luzern,2026-09-09,11.7
Luzern,2026-09-10,0.0
Luzern,2026-09-11,0.0
Luzern,2026-09-12,0.0
Luzern,2026-09-13,1.8
Luzern,2026-09-14,2.3
Luzern,2026-09-15,0.0
Luzern,2026-09-16,7.8
Luzern,2026-09-17,0.0
Luzern,2026-09-18,0.0
Luzern,2026-09-19,0.0
Luzern,2026-09-20,0.0
Luzern,2026-09-21,0.0
Luzern,2026-09-22,0.0
Luzern,2026-09-23,0.0
Luzern,2026-09-24,0.0
Luzern,2026-09-25,0.0
Luzern,2026-09-26,0.0
Luzern,2026-09-27,0.0
Luzern,2026-09-28,0.0
Luzern,2026-09-29,0.0
Davos,2026-08-31,3.8
Davos,2026-09-01,0.0
Davos,2026-09-02,0.0
Davos,2026-09-03,0.0
Davos,2026-09-04,0.0
Davos,2026-09-05,0.2
Davos,2026-09-06,0.0
Davos,2026-09-07,0.0
Davos,2026-09-08,2.3
Davos,2026-09-09,14.5
Davos,2026-09-10,0.8
Davos,2026-09-11,0.0
Davos,2026-09-12,0.0
Davos,2026-09-13,1.9
Davos,2026-09-14,9.6
Davos,2026-09-15,0.0
Davos,2026-09-16,14.8
Davos,2026-09-17,0.1
Davos,2026-09-18,0.1
Davos,2026-09-19,0.0
Davos,2026-09-20,0.0
Davos,2026-09-21,0.0
Davos,2026-09-22,0.0
Davos,2026-09-23,0.0
Davos,2026-09-24,0.0
Davos,2026-09-25,0.0
Davos,2026-09-26,0.0
Davos,2026-09-27,0.0
Davos,2026-09-28,0.0
Davos,2026-09-29,0.0
